Fecha,Area_Sanitaria,Casos_Totais,Novos_Casos_Abertos_Ultimas24h,Pacientes_Sin_Alta,Pacientes_Con_Alta,Camas_Ocupadas_HOS,Camas_Ocupadas_UCI,Probas_Realizadas_PCR,Probas_Realizadas_Non_PDIA,Exitus,Probas_Antixenos_Realizadas
2022-01-12 18:00:00,"A.S. A CORUÑA E CEE","66.081","1.360","11.893","53.525","103","15","741.814","198.017","681","300.321"
2022-01-12 18:00:00,"A.S. FERROL","18.924","427","3.646","15.031","31","4","222.055","78.271","241","44.222"
2022-01-12 18:00:00,"A.S. LUGO, A MARIÑA E MONFORTE","32.116","717","6.317","25.526","45","4","389.183","174.149","267","117.684"
2022-01-12 18:00:00,"A.S. OURENSE, VERÍN E O BARCO","39.491","821","7.738","31.274","70","6","433.767","172.921","482","201.337"
2022-01-12 18:00:00,"A.S. PONTEVEDRA E O SALNÉS","36.939","815","6.610","30.094","60","8","375.227","117.205","235","197.895"
2022-01-12 18:00:00,"A.S. SANTIAGO E BARBANZA","46.928","1.052","9.173","37.378","69","7","519.808","176.783","390","226.965"
2022-01-12 18:00:00,"A.S. VIGO","70.248","1.869","14.074","55.662","79","13","758.794","360.265","536","168.119"
2022-01-12 18:00:00,"GALICIA","310.727","7.061","59.451","248.490","457","57","3.440.648","1.277.611","2.832","1.256.543"
2022-01-13 18:00:00,"A.S. A CORUÑA E CEE","67.835","1.751","13.049","54.123","118","16","743.456","198.696","681","302.197"
2022-01-13 18:00:00,"A.S. FERROL","19.340","420","3.769","15.324","32","3","222.630","78.328","241","44.818"
2022-01-13 18:00:00,"A.S. LUGO, A MARIÑA E MONFORTE","32.932","817","6.683","25.975","50","3","389.988","174.854","268","119.237"
2022-01-13 18:00:00,"A.S. OURENSE, VERÍN E O BARCO","40.262","772","8.048","31.735","75","7","434.984","173.441","482","203.398"
2022-01-13 18:00:00,"A.S. PONTEVEDRA E O SALNÉS","37.985","1.046","7.241","30.508","63","7","376.039","117.362","236","199.651"
2022-01-13 18:00:00,"A.S. SANTIAGO E BARBANZA","48.167","1.239","10.089","37.700","73","7","520.570","177.887","391","228.851"
2022-01-13 18:00:00,"A.S. VIGO","72.633","2.385","15.902","56.218","77","10","760.450","368.021","537","170.049"
2022-01-13 18:00:00,"GALICIA","319.154","8.430","64.781","251.583","488","53","3.448.117","1.288.589","2.836","1.268.201"
2022-01-14 18:00:00,"A.S. A CORUÑA E CEE","69.500","1.664","14.045","54.792","123","17","744.881","198.831","681","304.044"
2022-01-14 18:00:00,"A.S. FERROL","19.792","448","4.010","15.534","27","3","223.116","79.235","242","45.357"
2022-01-14 18:00:00,"A.S. LUGO, A MARIÑA E MONFORTE","33.899","966","7.214","26.410","52","5","390.793","175.760","269","121.372"
2022-01-14 18:00:00,"A.S. OURENSE, VERÍN E O BARCO","41.184","925","8.341","32.364","68","8","436.606","173.479","482","206.033"
2022-01-14 18:00:00,"A.S. PONTEVEDRA E O SALNÉS","39.003","1.020","7.912","30.854","64","8","376.743","117.798","237","201.236"
2022-01-14 18:00:00,"A.S. SANTIAGO E BARBANZA","49.402","1.236","10.706","38.318","75","5","521.404","178.296","391","230.485"
2022-01-14 18:00:00,"A.S. VIGO","74.988","2.356","17.489","56.983","74","10","761.638","375.927","541","172.135"
2022-01-14 18:00:00,"GALICIA","327.768","8.615","69.717","255.255","483","56","3.455.181","1.299.326","2.843","1.280.662"
2022-01-15 18:00:00,"A.S. A CORUÑA E CEE","71.117","1.617","14.656","55.798","126","14","746.457","198.860","681","305.399"
2022-01-15 18:00:00,"A.S. FERROL","20.179","387","4.043","15.888","32","3","223.639","79.245","242","45.760"
2022-01-15 18:00:00,"A.S. LUGO, A MARIÑA E MONFORTE","34.746","848","7.547","26.924","57","6","391.702","175.897","269","123.169"
2022-01-15 18:00:00,"A.S. OURENSE, VERÍN E O BARCO","41.984","799","8.400","33.104","75","8","438.717","173.482","483","208.250"
2022-01-15 18:00:00,"A.S. PONTEVEDRA E O SALNÉS","39.945","942","8.319","31.388","69","8","377.362","117.837","238","202.443"
2022-01-15 18:00:00,"A.S. SANTIAGO E BARBANZA","50.520","1.119","10.829","39.313","78","5","522.088","178.299","391","231.902"
2022-01-15 18:00:00,"A.S. VIGO","77.115","2.129","18.647","57.952","78","10","762.938","383.412","541","174.025"
2022-01-15 18:00:00,"GALICIA","335.606","7.841","72.441","260.367","515","54","3.462.903","1.307.032","2.845","1.290.948"
2022-01-16 18:00:00,"A.S. A CORUÑA E CEE","72.174","1.057","14.747","56.764","134","14","747.615","198.864","681","306.534"
2022-01-16 18:00:00,"A.S. FERROL","20.429","250","4.077","16.104","31","3","223.986","79.245","242","45.993"
2022-01-16 18:00:00,"A.S. LUGO, A MARIÑA E MONFORTE","35.215","469","7.439","27.501","62","6","392.487","175.897","269","124.084"
2022-01-16 18:00:00,"A.S. OURENSE, VERÍN E O BARCO","42.486","502","8.149","33.857","85","8","439.732","173.482","483","209.340"
2022-01-16 18:00:00,"A.S. PONTEVEDRA E O SALNÉS","40.524","579","8.459","31.826","71","7","377.980","117.837","239","203.403"
2022-01-16 18:00:00,"A.S. SANTIAGO E BARBANZA","51.279","761","10.700","40.200","84","6","522.608","178.299","392","232.692"
2022-01-16 18:00:00,"A.S. VIGO","78.415","1.303","19.002","58.897","89","10","763.757","387.260","541","174.889"
2022-01-16 18:00:00,"GALICIA","340.522","4.921","72.573","265.149","556","54","3.468.165","1.310.884","2.847","1.296.935"
2022-01-17 18:00:00,"A.S. A CORUÑA E CEE","73.098","921","14.930","57.504","132","13","748.559","198.871","682","308.099"
2022-01-17 18:00:00,"A.S. FERROL","20.637","209","3.944","16.443","29","4","224.207","79.248","244","46.256"
2022-01-17 18:00:00,"A.S. LUGO, A MARIÑA E MONFORTE","35.695","481","7.557","27.863","53","6","393.180","175.923","269","125.168"
2022-01-17 18:00:00,"A.S. OURENSE, VERÍN E O BARCO","42.955","464","8.178","34.297","84","7","440.610","173.488","483","210.734"
2022-01-17 18:00:00,"A.S. PONTEVEDRA E O SALNÉS","41.114","590","8.567","32.308","73","7","378.390","117.841","239","204.559"
2022-01-17 18:00:00,"A.S. SANTIAGO E BARBANZA","52.042","766","11.023","40.639","86","6","523.035","178.319","393","234.074"
2022-01-17 18:00:00,"A.S. VIGO","79.697","1.289","19.489","59.688","92","10","764.406","391.129","546","176.481"
2022-01-17 18:00:00,"GALICIA","345.238","4.720","73.688","268.742","549","53","3.472.387","1.314.819","2.856","1.305.371"
2022-01-18 18:00:00,"A.S. A CORUÑA E CEE","74.393","1.294","15.388","58.341","136","14","749.649","198.971","682","309.765"
2022-01-18 18:00:00,"A.S. FERROL","20.939","304","3.978","16.711","34","4","224.680","79.254","244","46.598"
2022-01-18 18:00:00,"A.S. LUGO, A MARIÑA E MONFORTE","36.397","703","7.745","28.377","49","5","394.226","176.039","269","126.538"
2022-01-18 18:00:00,"A.S. OURENSE, VERÍN E O BARCO","43.664","707","8.229","34.954","77","7","441.792","173.499","484","212.679"
2022-01-18 18:00:00,"A.S. PONTEVEDRA E O SALNÉS","41.828","716","8.908","32.681","74","7","379.010","117.896","239","205.553"
2022-01-18 18:00:00,"A.S. SANTIAGO E BARBANZA","53.089","1.047","11.365","41.344","83","8","523.928","178.355","393","235.591"
2022-01-18 18:00:00,"A.S. VIGO","81.547","1.856","20.348","60.678","100","10","765.854","397.476","547","178.479"
2022-01-18 18:00:00,"GALICIA","351.857","6.627","75.961","273.086","553","55","3.479.139","1.321.490","2.858","1.315.203"
2022-01-19 18:00:00,"A.S. A CORUÑA E CEE","75.718","1.326","15.852","59.202","140","12","751.045","200.693","682","311.512"
2022-01-19 18:00:00,"A.S. FERROL","21.213","276","3.976","16.987","34","3","225.105","79.260","244","47.009"
2022-01-19 18:00:00,"A.S. LUGO, A MARIÑA E MONFORTE","37.072","676","7.888","28.908","49","5","395.103","176.729","270","127.665"
2022-01-19 18:00:00,"A.S. OURENSE, VERÍN E O BARCO","44.358","694","8.183","35.694","78","7","443.360","175.332","484","214.571"
2022-01-19 18:00:00,"A.S. PONTEVEDRA E O SALNÉS","42.638","810","9.175","33.224","76","7","379.633","118.067","239","206.618"
2022-01-19 18:00:00,"A.S. SANTIAGO E BARBANZA","54.169","1.082","11.755","42.034","81","8","524.601","178.401","395","237.041"
2022-01-19 18:00:00,"A.S. VIGO","83.327","1.785","20.407","62.398","81","7","767.162","402.414","547","180.215"
2022-01-19 18:00:00,"GALICIA","358.495","6.649","77.236","278.447","539","49","3.486.009","1.330.896","2.861","1.324.631"
2022-01-20 18:00:00,"A.S. A CORUÑA E CEE","77.072","1.350","16.187","60.219","128","13","752.269","201.017","684","313.238"
2022-01-20 18:00:00,"A.S. FERROL","21.513","303","3.960","17.302","35","2","225.523","80.138","245","47.407"
2022-01-20 18:00:00,"A.S. LUGO, A MARIÑA E MONFORTE","37.721","651","8.049","29.396","51","6","396.229","177.702","270","128.878"
2022-01-20 18:00:00,"A.S. OURENSE, VERÍN E O BARCO","45.064","706","8.242","36.340","67","8","444.879","175.427","485","216.569"
2022-01-20 18:00:00,"A.S. PONTEVEDRA E O SALNÉS","43.299","659","9.260","33.800","81","8","380.368","118.346","239","207.611"
2022-01-20 18:00:00,"A.S. SANTIAGO E BARBANZA","55.167","999","12.095","42.691","80","7","525.281","179.417","396","238.439"
2022-01-20 18:00:00,"A.S. VIGO","84.998","1.673","20.899","63.575","65","9","768.259","407.681","549","181.980"
2022-01-20 18:00:00,"GALICIA","364.834","6.341","78.692","283.323","507","53","3.492.808","1.339.728","2.868","1.334.122"
2022-01-21 18:00:00,"A.S. A CORUÑA E CEE","78.468","1.391","16.197","61.604","128","12","753.725","201.123","685","315.101"
2022-01-21 18:00:00,"A.S. FERROL","21.822","307","3.872","17.699","30","1","226.121","80.169","245","47.757"
2022-01-21 18:00:00,"A.S. LUGO, A MARIÑA E MONFORTE","38.391","671","8.020","30.094","50","6","397.112","178.207","271","129.984"
2022-01-21 18:00:00,"A.S. OURENSE, VERÍN E O BARCO","45.732","666","7.972","37.276","64","9","445.882","175.452","487","218.403"
2022-01-21 18:00:00,"A.S. PONTEVEDRA E O SALNÉS","44.094","798","9.258","34.597","81","7","381.115","118.526","239","208.669"
2022-01-21 18:00:00,"A.S. SANTIAGO E BARBANZA","56.216","1.052","11.850","43.985","80","6","526.033","179.827","396","239.910"
2022-01-21 18:00:00,"A.S. VIGO","86.806","1.814","20.860","65.421","69","8","769.448","413.659","550","183.951"
2022-01-21 18:00:00,"GALICIA","371.529","6.699","78.029","290.676","502","49","3.499.436","1.346.963","2.873","1.343.775"
2022-01-22 18:00:00,"A.S. A CORUÑA E CEE","79.572","1.102","15.814","63.090","135","11","754.844","201.140","686","316.315"
2022-01-22 18:00:00,"A.S. FERROL","22.085","263","3.741","18.093","33","1","226.669","80.169","245","48.093"
2022-01-22 18:00:00,"A.S. LUGO, A MARIÑA E MONFORTE","38.891","500","7.621","30.993","56","6","397.739","178.218","271","131.171"
2022-01-22 18:00:00,"A.S. OURENSE, VERÍN E O BARCO","46.306","576","7.753","38.069","73","9","446.961","175.454","487","220.407"
2022-01-22 18:00:00,"A.S. PONTEVEDRA E O SALNÉS","44.741","646","9.030","35.471","80","7","381.790","118.532","240","209.750"
2022-01-22 18:00:00,"A.S. SANTIAGO E BARBANZA","57.021","805","11.380","45.260","81","6","526.745","179.852","396","240.924"
2022-01-22 18:00:00,"A.S. VIGO","88.267","1.462","20.246","67.496","86","8","770.592","417.658","550","185.159"
2022-01-22 18:00:00,"GALICIA","376.883","5.354","75.585","298.472","544","48","3.505.340","1.351.023","2.875","1.351.819"
2022-01-23 18:00:00,"A.S. A CORUÑA E CEE","80.548","976","15.114","64.763","140","11","755.912","201.141","689","317.413"
2022-01-23 18:00:00,"A.S. FERROL","22.308","223","3.451","18.606","34","1","227.036","80.169","245","48.353"
2022-01-23 18:00:00,"A.S. LUGO, A MARIÑA E MONFORTE","39.337","446","7.266","31.794","60","7","398.517","178.220","271","131.758"
2022-01-23 18:00:00,"A.S. OURENSE, VERÍN E O BARCO","46.743","437","7.350","38.906","80","7","448.071","175.454","490","220.828"
2022-01-23 18:00:00,"A.S. PONTEVEDRA E O SALNÉS","45.249","508","8.508","36.501","89","7","382.241","118.532","240","210.579"
2022-01-23 18:00:00,"A.S. SANTIAGO E BARBANZA","57.710","689","10.811","46.518","89","6","527.364","179.861","396","241.738"
2022-01-23 18:00:00,"A.S. VIGO","89.325","1.058","18.876","69.924","90","8","771.187","421.179","550","185.927"
2022-01-23 18:00:00,"GALICIA","381.220","4.337","71.376","307.012","582","47","3.510.328","1.354.556","2.881","1.356.596"
2022-01-24 18:00:00,"A.S. A CORUÑA E CEE","81.586","1.035","14.415","66.498","143","11","757.105","201.184","691","318.756"
2022-01-24 18:00:00,"A.S. FERROL","22.538","232","3.233","19.053","42","1","227.432","80.170","246","48.777"
2022-01-24 18:00:00,"A.S. LUGO, A MARIÑA E MONFORTE","39.808","469","6.871","32.656","57","8","399.174","178.233","275","132.594"
2022-01-24 18:00:00,"A.S. OURENSE, VERÍN E O BARCO","47.305","560","7.045","39.771","73","7","448.790","175.466","492","222.412"
2022-01-24 18:00:00,"A.S. PONTEVEDRA E O SALNÉS","45.791","542","7.920","37.631","91","7","382.705","118.535","240","211.468"
2022-01-24 18:00:00,"A.S. SANTIAGO E BARBANZA","58.481","769","10.288","47.811","91","8","527.976","179.872","397","242.991"
2022-01-24 18:00:00,"A.S. VIGO","90.554","1.237","17.578","72.449","91","8","771.829","425.151","552","187.222"
2022-01-24 18:00:00,"GALICIA","386.063","4.844","67.350","315.869","588","50","3.515.011","1.358.611","2.893","1.364.220"
2022-01-25 18:00:00,"A.S. A CORUÑA E CEE","83.062","1.478","14.141","68.246","142","11","758.561","201.234","693","320.424"
2022-01-25 18:00:00,"A.S. FERROL","22.875","338","3.116","19.507","43","1","227.999","80.176","246","49.177"
2022-01-25 18:00:00,"A.S. LUGO, A MARIÑA E MONFORTE","40.577","768","6.610","33.685","57","7","400.390","178.354","276","133.759"
2022-01-25 18:00:00,"A.S. OURENSE, VERÍN E O BARCO","47.988","682","6.767","40.732","72","6","450.104","175.471","492","224.000"
2022-01-25 18:00:00,"A.S. PONTEVEDRA E O SALNÉS","46.511","722","7.711","38.560","84","8","383.321","118.571","240","212.419"
2022-01-25 18:00:00,"A.S. SANTIAGO E BARBANZA","59.604","1.124","10.158","49.064","97","7","528.903","179.903","397","244.283"
2022-01-25 18:00:00,"A.S. VIGO","92.451","1.895","17.338","74.585","86","8","773.136","431.377","553","188.788"
2022-01-25 18:00:00,"GALICIA","393.068","7.007","65.841","324.379","581","48","3.522.414","1.365.086","2.897","1.372.850"
2022-01-26 18:00:00,"A.S. A CORUÑA E CEE","84.400","1.327","14.402","69.323","151","11","760.248","202.452","693","321.892"
2022-01-26 18:00:00,"A.S. FERROL","23.201","332","3.210","19.738","37","2","228.544","80.183","247","49.518"
2022-01-26 18:00:00,"A.S. LUGO, A MARIÑA E MONFORTE","41.199","623","6.710","34.206","66","7","401.468","179.214","277","134.846"
2022-01-26 18:00:00,"A.S. OURENSE, VERÍN E O BARCO","48.616","629","6.813","41.313","72","6","452.062","177.202","493","225.526"
2022-01-26 18:00:00,"A.S. PONTEVEDRA E O SALNÉS","47.122","613","7.627","39.255","90","7","384.258","118.746","240","213.359"
2022-01-26 18:00:00,"A.S. SANTIAGO E BARBANZA","60.531","928","10.289","49.860","100","7","529.778","179.964","397","245.496"
2022-01-26 18:00:00,"A.S. VIGO","94.028","1.583","17.313","76.185","81","8","774.685","436.228","555","190.130"
2022-01-26 18:00:00,"GALICIA","399.097","6.035","66.364","329.880","597","48","3.531.043","1.373.989","2.902","1.380.767"
2022-01-27 18:00:00,"A.S. A CORUÑA E CEE","85.712","1.316","14.706","70.331","152","11","761.723","203.097","693","323.069"
2022-01-27 18:00:00,"A.S. FERROL","23.477","277","3.260","19.964","35","2","228.934","81.001","247","49.848"
2022-01-27 18:00:00,"A.S. LUGO, A MARIÑA E MONFORTE","41.813","613","6.927","34.601","67","7","402.457","180.008","279","135.798"
2022-01-27 18:00:00,"A.S. OURENSE, VERÍN E O BARCO","49.275","663","6.986","41.798","74","5","453.383","177.295","494","227.236"
2022-01-27 18:00:00,"A.S. PONTEVEDRA E O SALNÉS","47.748","627","7.729","39.778","88","6","384.865","118.966","241","214.328"
2022-01-27 18:00:00,"A.S. SANTIAGO E BARBANZA","61.634","1.112","10.754","50.496","103","5","530.670","180.987","399","246.755"
2022-01-27 18:00:00,"A.S. VIGO","95.800","1.772","18.057","77.212","77","8","776.151","441.600","557","191.468"
2022-01-27 18:00:00,"GALICIA","405.459","6.380","68.419","334.180","596","44","3.538.183","1.382.954","2.910","1.388.502"
2022-01-27 18:00:00,"A.S. A CORUÑA E CEE","85.712","1.316","14.706","70.331","152","11","761.723","203.097","693","323.069"
2022-01-27 18:00:00,"A.S. FERROL","23.477","277","3.260","19.964","35","2","228.934","81.001","247","49.848"
2022-01-27 18:00:00,"A.S. LUGO, A MARIÑA E MONFORTE","41.813","613","6.927","34.601","67","7","402.457","180.008","279","135.798"
2022-01-27 18:00:00,"A.S. OURENSE, VERÍN E O BARCO","49.275","663","6.986","41.798","74","5","453.383","177.295","494","227.236"
2022-01-27 18:00:00,"A.S. PONTEVEDRA E O SALNÉS","47.748","627","7.729","39.778","88","6","384.865","118.966","241","214.328"
2022-01-27 18:00:00,"A.S. SANTIAGO E BARBANZA","61.634","1.112","10.754","50.496","103","5","530.670","180.987","399","246.755"
2022-01-27 18:00:00,"A.S. VIGO","95.800","1.772","18.057","77.212","77","8","776.151","441.600","557","191.468"
2022-01-27 18:00:00,"GALICIA","405.459","6.380","68.419","334.180","596","44","3.538.183","1.382.954","2.910","1.388.502"
2022-01-28 18:00:00,"A.S. A CORUÑA E CEE","86.896","1.188","14.641","71.578","149","11","763.381","203.172","695","324.468"
2022-01-28 18:00:00,"A.S. FERROL","23.703","226","3.213","20.236","34","2","229.369","81.083","248","50.186"
2022-01-28 18:00:00,"A.S. LUGO, A MARIÑA E MONFORTE","42.400","590","6.900","35.214","75","7","403.405","180.497","280","136.854"
2022-01-28 18:00:00,"A.S. OURENSE, VERÍN E O BARCO","49.861","588","6.843","42.526","74","4","454.508","177.315","495","228.663"
2022-01-28 18:00:00,"A.S. PONTEVEDRA E O SALNÉS","48.294","546","7.591","40.462","80","5","385.670","119.171","241","215.236"
2022-01-28 18:00:00,"A.S. SANTIAGO E BARBANZA","62.553","914","10.656","51.512","105","4","531.524","181.332","400","248.031"
2022-01-28 18:00:00,"A.S. VIGO","97.360","1.560","17.617","79.210","78","7","777.695","446.446","559","192.728"
2022-01-28 18:00:00,"GALICIA","411.067","5.612","67.461","340.738","595","40","3.545.552","1.389.016","2.918","1.396.166"
2022-01-29 18:00:00,"A.S. A CORUÑA E CEE","87.819","924","14.365","72.774","163","11","764.550","203.174","698","325.651"
2022-01-29 18:00:00,"A.S. FERROL","23.854","150","3.067","20.533","33","2","229.781","81.083","248","50.429"
2022-01-29 18:00:00,"A.S. LUGO, A MARIÑA E MONFORTE","42.913","511","6.691","35.936","74","7","404.200","180.501","280","138.016"
2022-01-29 18:00:00,"A.S. OURENSE, VERÍN E O BARCO","50.280","420","6.582","43.203","81","4","455.683","177.315","498","230.170"
2022-01-29 18:00:00,"A.S. PONTEVEDRA E O SALNÉS","48.788","494","7.324","41.223","81","5","386.231","119.173","241","215.991"
2022-01-29 18:00:00,"A.S. SANTIAGO E BARBANZA","63.318","767","10.428","52.506","103","4","532.347","181.339","400","248.959"
2022-01-29 18:00:00,"A.S. VIGO","98.628","1.267","17.174","80.920","82","8","779.245","450.345","559","193.647"
2022-01-29 18:00:00,"GALICIA","415.600","4.533","65.631","347.095","617","41","3.552.037","1.392.930","2.924","1.402.863"
2022-01-30 18:00:00,"A.S. A CORUÑA E CEE","88.772","953","13.850","74.241","165","13","765.893","203.175","699","326.483"
2022-01-30 18:00:00,"A.S. FERROL","24.078","225","3.013","20.811","35","2","230.200","81.084","248","50.595"
2022-01-30 18:00:00,"A.S. LUGO, A MARIÑA E MONFORTE","43.329","416","6.394","36.649","79","7","404.893","180.502","280","138.371"
2022-01-30 18:00:00,"A.S. OURENSE, VERÍN E O BARCO","50.658","378","6.271","43.891","87","4","456.419","177.315","499","230.558"
2022-01-30 18:00:00,"A.S. PONTEVEDRA E O SALNÉS","49.271","483","6.982","42.047","82","5","386.906","119.173","242","216.497"
2022-01-30 18:00:00,"A.S. SANTIAGO E BARBANZA","64.023","705","9.987","53.649","104","4","533.061","181.339","403","249.610"
2022-01-30 18:00:00,"A.S. VIGO","99.715","1.089","16.370","82.809","90","9","779.848","453.877","561","194.299"
2022-01-30 18:00:00,"GALICIA","419.846","4.249","62.867","354.097","642","44","3.557.220","1.396.465","2.932","1.406.413"
2022-01-31 18:00:00,"A.S. A CORUÑA E CEE","89.720","949","13.323","75.716","180","11","767.021","203.196","699","327.770"
2022-01-31 18:00:00,"A.S. FERROL","24.290","213","2.914","21.121","36","2","230.563","81.084","249","50.802"
2022-01-31 18:00:00,"A.S. LUGO, A MARIÑA E MONFORTE","43.807","479","6.205","37.315","78","6","405.410","180.515","281","139.106"
2022-01-31 18:00:00,"A.S. OURENSE, VERÍN E O BARCO","51.186","529","6.129","44.561","89","3","457.218","177.328","499","231.955"
2022-01-31 18:00:00,"A.S. PONTEVEDRA E O SALNÉS","49.781","515","6.785","42.753","83","5","387.467","119.181","243","217.276"
2022-01-31 18:00:00,"A.S. SANTIAGO E BARBANZA","64.813","785","9.703","54.721","104","5","533.623","181.350","405","250.810"
2022-01-31 18:00:00,"A.S. VIGO","100.826","1.116","15.661","84.627","93","9","780.557","457.441","563","195.286"
2022-01-31 18:00:00,"GALICIA","424.423","4.586","60.720","360.814","663","41","3.561.859","1.400.095","2.939","1.413.005"
2022-02-01 18:00:00,"A.S. A CORUÑA E CEE","90.995","1.268","13.275","77.038","183","12","768.534","203.201","699","329.051"
2022-02-01 18:00:00,"A.S. FERROL","24.550","261","2.844","21.451","42","2","231.005","81.089","249","51.108"
2022-02-01 18:00:00,"A.S. LUGO, A MARIÑA E MONFORTE","44.389","585","6.148","37.951","69","6","406.296","180.762","285","139.914"
2022-02-01 18:00:00,"A.S. OURENSE, VERÍN E O BARCO","51.794","605","6.015","45.282","91","3","458.067","177.333","500","233.206"
2022-02-01 18:00:00,"A.S. PONTEVEDRA E O SALNÉS","50.364","581","6.564","43.557","74","5","388.052","119.192","243","218.010"
2022-02-01 18:00:00,"A.S. SANTIAGO E BARBANZA","65.878","1.064","9.821","55.666","106","5","534.543","181.365","407","251.933"
2022-02-01 18:00:00,"A.S. VIGO","102.416","1.602","15.610","86.264","76","7","781.901","462.421","567","196.439"
2022-02-01 18:00:00,"GALICIA","430.386","5.966","60.277","367.209","641","40","3.568.398","1.405.363","2.950","1.419.661"
2022-02-02 18:00:00,"A.S. A CORUÑA E CEE","92.101","1.102","13.424","77.995","173","12","769.922","203.253","699","330.357"
2022-02-02 18:00:00,"A.S. FERROL","24.829","280","2.931","21.642","40","3","231.503","81.091","250","51.397"
2022-02-02 18:00:00,"A.S. LUGO, A MARIÑA E MONFORTE","45.029","645","6.366","38.373","73","8","407.390","180.785","285","140.571"
2022-02-02 18:00:00,"A.S. OURENSE, VERÍN E O BARCO","52.323","527","6.103","45.724","96","4","459.208","177.337","500","234.349"
2022-02-02 18:00:00,"A.S. PONTEVEDRA E O SALNÉS","50.938","575","6.576","44.117","69","5","388.763","119.231","245","218.701"
2022-02-02 18:00:00,"A.S. SANTIAGO E BARBANZA","66.999","1.123","10.265","56.345","105","6","535.786","181.402","408","253.257"
2022-02-02 18:00:00,"A.S. VIGO","104.053","1.637","16.051","87.455","81","6","783.465","466.971","568","197.603"
2022-02-02 18:00:00,"GALICIA","436.272","5.889","61.716","371.651","637","44","3.576.037","1.410.070","2.955","1.426.235"
2022-02-03 18:00:00,"A.S. A CORUÑA E CEE","93.064","966","13.452","78.929","170","12","771.267","203.287","700","331.372"
2022-02-03 18:00:00,"A.S. FERROL","25.041","213","2.918","21.867","43","3","231.856","81.096","250","51.690"
2022-02-03 18:00:00,"A.S. LUGO, A MARIÑA E MONFORTE","45.518","490","6.429","38.798","73","7","408.372","180.803","286","141.513"
2022-02-03 18:00:00,"A.S. OURENSE, VERÍN E O BARCO","52.781","457","6.028","46.256","96","3","460.458","177.342","501","235.821"
2022-02-03 18:00:00,"A.S. PONTEVEDRA E O SALNÉS","51.395","455","6.504","44.645","65","6","389.448","119.260","246","219.416"
2022-02-03 18:00:00,"A.S. SANTIAGO E BARBANZA","67.918","918","10.511","57.016","102","5","536.473","181.430","410","254.514"
2022-02-03 18:00:00,"A.S. VIGO","105.362","1.312","16.299","88.516","78","5","784.806","470.966","568","198.707"
2022-02-03 18:00:00,"GALICIA","441.079","4.811","62.141","376.027","627","41","3.582.680","1.414.184","2.961","1.433.033"
,"","","0","","","","","","61","",""
2022-02-04 18:00:00,"A.S. A CORUÑA E CEE","94.081","1.011","12.935","80.463","167","15","772.738","203.791","701","332.414"
2022-02-04 18:00:00,"A.S. FERROL","25.276","236","2.829","22.191","38","2","232.160","81.223","250","52.012"
2022-02-04 18:00:00,"A.S. LUGO, A MARIÑA E MONFORTE","46.002","485","6.217","39.490","63","7","409.389","180.994","289","142.311"
2022-02-04 18:00:00,"A.S. OURENSE, VERÍN E O BARCO","53.293","514","5.915","46.878","99","4","461.863","177.524","504","237.038"
2022-02-04 18:00:00,"A.S. PONTEVEDRA E O SALNÉS","51.920","530","6.289","45.385","66","6","390.118","119.544","246","220.043"
2022-02-04 18:00:00,"A.S. SANTIAGO E BARBANZA","68.828","904","10.398","58.038","92","5","537.171","181.886","411","255.691"
2022-02-04 18:00:00,"A.S. VIGO","106.591","1.234","15.724","90.320","74","5","786.003","473.093","568","199.996"
2022-02-04 18:00:00,"GALICIA","445.991","4.914","60.307","382.765","599","44","3.589.442","1.418.116","2.969","1.439.505"
,"","","0","","","","","","157","",""
2022-02-05 18:00:00,"A.S. A CORUÑA E CEE","94.737","657","12.360","81.691","189","14","773.876","204.292","704","333.228"
2022-02-05 18:00:00,"A.S. FERROL","25.437","161","2.665","22.516","38","2","232.535","81.352","250","52.208"
2022-02-05 18:00:00,"A.S. LUGO, A MARIÑA E MONFORTE","46.317","315","5.916","40.108","60","7","409.990","181.202","287","142.987"
2022-02-05 18:00:00,"A.S. OURENSE, VERÍN E O BARCO","53.592","301","5.671","47.419","108","4","463.115","177.720","506","237.921"
2022-02-05 18:00:00,"A.S. PONTEVEDRA E O SALNÉS","52.278","357","6.057","45.975","74","8","390.795","119.850","246","220.479"
2022-02-05 18:00:00,"A.S. SANTIAGO E BARBANZA","69.395","571","9.963","59.041","93","5","538.088","182.348","411","256.425"
2022-02-05 18:00:00,"A.S. VIGO","107.316","720","14.935","91.833","83","6","787.341","473.754","568","200.543"
2022-02-05 18:00:00,"GALICIA","449.072","3.082","57.567","388.583","645","46","3.595.740","1.420.675","2.972","1.443.791"
,"","","0","","","","","","226","",""
2022-02-06 18:00:00,"A.S. A CORUÑA E CEE","95.348","611","11.596","83.065","193","14","775.361","204.656","705","333.862"
2022-02-06 18:00:00,"A.S. FERROL","25.583","146","2.507","22.820","40","1","232.793","81.450","250","52.359"
2022-02-06 18:00:00,"A.S. LUGO, A MARIÑA E MONFORTE","46.642","325","5.573","40.776","72","9","410.625","181.394","287","143.305"
2022-02-06 18:00:00,"A.S. OURENSE, VERÍN E O BARCO","53.852","260","5.185","48.162","114","4","463.947","177.884","509","238.386"
2022-02-06 18:00:00,"A.S. PONTEVEDRA E O SALNÉS","52.622","344","5.731","46.645","80","7","391.498","120.077","246","220.923"
2022-02-06 18:00:00,"A.S. SANTIAGO E BARBANZA","69.897","502","9.390","60.116","99","7","538.820","182.735","411","256.995"
2022-02-06 18:00:00,"A.S. VIGO","107.866","551","13.724","93.594","91","6","788.156","474.233","568","201.027"
2022-02-06 18:00:00,"GALICIA","451.810","2.739","53.706","395.178","689","48","3.601.200","1.422.655","2.976","1.446.857"
,"","","0","","","","","","331","",""
2022-02-07 18:00:00,"A.S. A CORUÑA E CEE","96.217","863","11.223","84.307","197","11","776.330","205.314","705","334.787"
2022-02-07 18:00:00,"A.S. FERROL","25.794","212","2.451","23.086","36","1","233.189","81.619","251","52.659"
2022-02-07 18:00:00,"A.S. LUGO, A MARIÑA E MONFORTE","47.068","427","5.365","41.408","62","9","411.187","181.689","290","143.933"
2022-02-07 18:00:00,"A.S. OURENSE, VERÍN E O BARCO","54.273","426","5.033","48.734","106","4","464.949","178.160","510","239.295"
2022-02-07 18:00:00,"A.S. PONTEVEDRA E O SALNÉS","53.061","436","5.482","47.332","76","6","392.023","120.429","247","221.547"
2022-02-07 18:00:00,"A.S. SANTIAGO E BARBANZA","70.682","788","9.115","61.174","92","8","539.449","183.360","412","257.999"
2022-02-07 18:00:00,"A.S. VIGO","108.758","897","12.892","95.314","87","6","788.821","474.971","572","201.950"
2022-02-07 18:00:00,"GALICIA","455.853","4.049","51.561","401.355","656","45","3.605.948","1.425.873","2.987","1.452.170"
,"","","0","","","","","","429","",""
2022-02-08 18:00:00,"A.S. A CORUÑA E CEE","96.930","712","10.790","85.451","191","11","777.869","205.785","707","335.868"
2022-02-08 18:00:00,"A.S. FERROL","25.933","139","2.345","23.330","32","3","233.586","81.723","252","52.968"
2022-02-08 18:00:00,"A.S. LUGO, A MARIÑA E MONFORTE","47.426","358","5.107","42.019","59","9","412.218","181.902","295","144.512"
2022-02-08 18:00:00,"A.S. OURENSE, VERÍN E O BARCO","54.602","330","4.791","49.303","115","6","465.732","178.310","512","240.179"
2022-02-08 18:00:00,"A.S. PONTEVEDRA E O SALNÉS","53.380","323","5.287","47.845","78","6","392.582","120.667","248","222.187"
2022-02-08 18:00:00,"A.S. SANTIAGO E BARBANZA","71.282","596","8.895","61.990","87","7","540.244","183.770","416","258.959"
2022-02-08 18:00:00,"A.S. VIGO","109.495","742","12.161","96.776","84","6","790.246","475.575","578","202.958"
2022-02-08 18:00:00,"GALICIA","459.048","3.200","49.376","406.714","646","48","3.612.477","1.428.161","3.008","1.457.631"
2022-02-09 18:00:00,"A.S. A CORUÑA E CEE","97.748","812","10.738","86.319","189","10","779.358","206.344","709","336.737"
2022-02-09 18:00:00,"A.S. FERROL","26.121","189","2.334","23.529","32","3","233.969","81.862","252","53.219"
2022-02-09 18:00:00,"A.S. LUGO, A MARIÑA E MONFORTE","47.823","402","5.030","42.491","51","7","412.941","182.166","297","145.129"
2022-02-09 18:00:00,"A.S. OURENSE, VERÍN E O BARCO","55.039","440","4.894","49.636","116","5","467.129","178.522","513","241.091"
2022-02-09 18:00:00,"A.S. PONTEVEDRA E O SALNÉS","53.822","445","5.267","48.307","83","6","393.340","120.962","248","222.810"
2022-02-09 18:00:00,"A.S. SANTIAGO E BARBANZA","71.948","664","8.819","62.732","90","7","541.095","184.257","416","259.855"
2022-02-09 18:00:00,"A.S. VIGO","110.287","793","11.834","97.893","74","9","791.420","476.504","580","203.659"
2022-02-09 18:00:00,"SEN A.S. ASIGNADA","266","42","266","0","0","0","0","499","0","0"
2022-02-09 18:00:00,"GALICIA","463.054","3.787","49.182","410.907","635","47","3.619.252","1.431.116","3.015","1.462.500"
2022-02-10 18:00:00,"A.S. A CORUÑA E CEE","98.408","658","10.467","87.247","176","12","780.349","206.806","713","337.533"
2022-02-10 18:00:00,"A.S. FERROL","26.299","181","2.328","23.713","37","1","234.400","82.000","252","53.423"
2022-02-10 18:00:00,"A.S. LUGO, A MARIÑA E MONFORTE","48.240","420","5.108","42.829","43","5","413.739","182.427","299","145.862"
2022-02-10 18:00:00,"A.S. OURENSE, VERÍN E O BARCO","55.493","456","4.901","50.082","114","5","468.722","178.770","514","242.037"
2022-02-10 18:00:00,"A.S. PONTEVEDRA E O SALNÉS","54.212","389","5.212","48.752","91","6","394.075","121.265","248","223.451"
2022-02-10 18:00:00,"A.S. SANTIAGO E BARBANZA","72.595","646","8.771","63.427","89","7","541.918","184.707","416","260.895"
2022-02-10 18:00:00,"A.S. VIGO","111.181","892","11.743","98.877","75","8","792.751","477.076","580","204.421"
2022-02-10 18:00:00,"SEN A.S. ASIGNADA","305","40","305","0","0","0","0","564","0","0"
2022-02-10 18:00:00,"GALICIA","466.733","3.682","48.835","414.927","625","44","3.625.954","1.433.615","3.022","1.467.622"
2022-02-11 18:00:00,"A.S. A CORUÑA E CEE","98.941","532","9.875","88.372","158","14","781.294","207.306","713","338.300"
2022-02-11 18:00:00,"A.S. FERROL","26.446","145","2.215","23.971","33","1","234.846","82.095","254","53.617"
2022-02-11 18:00:00,"A.S. LUGO, A MARIÑA E MONFORTE","48.539","300","4.820","43.416","46","5","414.387","182.624","299","146.534"
2022-02-11 18:00:00,"A.S. OURENSE, VERÍN E O BARCO","55.843","350","4.623","50.709","96","6","469.818","178.976","515","242.925"
2022-02-11 18:00:00,"A.S. PONTEVEDRA E O SALNÉS","54.548","338","4.934","49.366","89","6","394.722","121.585","248","224.106"
2022-02-11 18:00:00,"A.S. SANTIAGO E BARBANZA","73.118","526","8.347","64.373","92","7","542.670","185.208","417","261.823"
2022-02-11 18:00:00,"A.S. VIGO","111.840","662","10.885","100.393","71","8","793.553","477.713","581","205.355"
2022-02-11 18:00:00,"SEN A.S. ASIGNADA","337","33","337","0","0","0","0","604","0","0"
2022-02-11 18:00:00,"GALICIA","469.612","2.886","46.036","420.600","585","47","3.631.290","1.436.111","3.027","1.472.660"
2022-02-12 18:00:00,"A.S. A CORUÑA E CEE","99.393","450","9.121","89.576","155","13","782.427","207.632","715","338.796"
2022-02-12 18:00:00,"A.S. FERROL","26.578","132","2.085","24.233","37","1","235.263","82.175","254","53.765"
2022-02-12 18:00:00,"A.S. LUGO, A MARIÑA E MONFORTE","48.788","249","4.415","44.070","49","5","414.956","182.783","299","146.883"
2022-02-12 18:00:00,"A.S. OURENSE, VERÍN E O BARCO","56.068","225","4.232","51.322","107","6","471.042","179.130","518","243.491"
2022-02-12 18:00:00,"A.S. PONTEVEDRA E O SALNÉS","54.777","230","4.630","49.896","89","5","395.218","121.768","251","224.557"
2022-02-12 18:00:00,"A.S. SANTIAGO E BARBANZA","73.491","373","7.664","65.429","82","7","543.447","185.494","417","262.449"
2022-02-12 18:00:00,"A.S. VIGO","112.303","464","9.706","102.035","77","8","794.582","478.145","581","205.770"
2022-02-12 18:00:00,"SEN A.S. ASIGNADA","358","21","358","0","0","0","0","623","0","0"
2022-02-12 18:00:00,"GALICIA","471.756","2.144","42.211","426.561","596","45","3.636.935","1.437.750","3.035","1.475.711"
2022-02-13 18:00:00,"A.S. A CORUÑA E CEE","99.738","345","8.484","90.558","160","13","783.241","207.908","715","339.114"
2022-02-13 18:00:00,"A.S. FERROL","26.670","92","1.910","24.500","39","1","235.522","82.238","254","53.883"
2022-02-13 18:00:00,"A.S. LUGO, A MARIÑA E MONFORTE","48.957","169","4.044","44.610","58","4","415.386","182.895","299","147.115"
2022-02-13 18:00:00,"A.S. OURENSE, VERÍN E O BARCO","56.277","209","4.035","51.726","112","6","471.742","179.235","520","243.966"
2022-02-13 18:00:00,"A.S. PONTEVEDRA E O SALNÉS","54.957","180","4.320","50.385","89","5","395.565","121.916","252","224.887"
2022-02-13 18:00:00,"A.S. SANTIAGO E BARBANZA","73.783","292","6.822","66.563","83","7","543.998","185.723","417","262.898"
2022-02-13 18:00:00,"A.S. VIGO","112.650","347","8.649","103.439","78","8","795.151","478.460","581","206.120"
2022-02-13 18:00:00,"SEN A.S. ASIGNADA","376","18","376","0","0","0","0","643","0","0"
2022-02-13 18:00:00,"GALICIA","473.408","1.652","38.640","431.781","619","44","3.640.605","1.439.018","3.038","1.477.983"
2022-02-14 18:00:00,"A.S. A CORUÑA E CEE","100.224","481","7.952","91.573","156","12","784.023","208.301","719","339.685"
2022-02-14 18:00:00,"A.S. FERROL","26.794","130","1.843","24.691","36","1","235.893","82.315","254","54.074"
2022-02-14 18:00:00,"A.S. LUGO, A MARIÑA E MONFORTE","49.195","242","3.817","45.073","61","3","415.884","183.094","301","147.622"
2022-02-14 18:00:00,"A.S. OURENSE, VERÍN E O BARCO","56.544","271","3.844","52.182","106","5","472.296","179.404","522","244.656"
2022-02-14 18:00:00,"A.S. PONTEVEDRA E O SALNÉS","55.181","225","4.063","50.866","101","6","395.939","122.102","252","225.370"
2022-02-14 18:00:00,"A.S. SANTIAGO E BARBANZA","74.189","402","6.307","67.483","77","7","544.433","186.062","418","263.660"
2022-02-14 18:00:00,"A.S. VIGO","113.173","522","7.872","104.735","74","8","795.823","478.933","585","206.960"
2022-02-14 18:00:00,"SEN A.S. ASIGNADA","407","33","407","0","0","0","0","676","0","0"
2022-02-14 18:00:00,"GALICIA","475.707","2.306","36.105","436.603","611","42","3.644.291","1.440.887","3.051","1.482.027"
2022-02-15 18:00:00,"A.S. A CORUÑA E CEE","100.717","493","7.557","92.460","149","9","784.920","208.710","721","340.444"
2022-02-15 18:00:00,"A.S. FERROL","26.905","110","1.751","24.894","37","1","236.288","82.400","254","54.256"
2022-02-15 18:00:00,"A.S. LUGO, A MARIÑA E MONFORTE","49.474","280","3.601","45.567","49","1","416.627","183.298","302","148.123"
2022-02-15 18:00:00,"A.S. OURENSE, VERÍN E O BARCO","56.848","305","3.648","52.681","93","5","473.367","179.586","523","245.450"
2022-02-15 18:00:00,"A.S. PONTEVEDRA E O SALNÉS","55.423","240","3.818","51.353","93","5","396.312","122.277","252","225.913"
2022-02-15 18:00:00,"A.S. SANTIAGO E BARBANZA","74.662","475","6.030","68.233","90","7","545.111","186.404","419","264.564"
2022-02-15 18:00:00,"A.S. VIGO","113.675","502","7.336","105.772","76","9","796.770","479.392","585","207.747"
2022-02-15 18:00:00,"SEN A.S. ASIGNADA","439","32","398","41","0","0","0","712","0","0"
2022-02-15 18:00:00,"GALICIA","478.143","2.437","34.139","441.001","587","37","3.649.395","1.442.779","3.056","1.486.497"
